INSERT INTO PUBLIC.USER (ID, USERNAME, PASSWORD, SALT, ENABLED) VALUES (0, 'admin', 'admin', '0000', true);
INSERT INTO PUBLIC.USER (ID, USERNAME, PASSWORD, SALT, ENABLED) VALUES (1, 'tom', 'cat', '0000', true);
INSERT INTO PUBLIC.USER (ID, USERNAME, PASSWORD, SALT, ENABLED) VALUES (2, 'lucy', 'lucky', '0000', true);


INSERT INTO PUBLIC.ROLE (ID, NAME) VALUES (0, 'admin');
INSERT INTO PUBLIC.ROLE (ID, NAME) VALUES (1, 'user');
INSERT INTO PUBLIC.ROLE (ID, NAME) VALUES (2, 'reader');


INSERT INTO PUBLIC.PERMISSION (ID, NAME) VALUES (0, 'user:read');
INSERT INTO PUBLIC.PERMISSION (ID, NAME) VALUES (1, 'book:read');
INSERT INTO PUBLIC.PERMISSION (ID, NAME) VALUES (2, 'book:write');
INSERT INTO PUBLIC.PERMISSION (ID, NAME) VALUES (3, 'admin');
INSERT INTO PUBLIC.PERMISSION (ID, NAME) VALUES (4, 'user');


INSERT INTO PUBLIC.USER_ROLE (ID, USER_ID, ROLE_ID) VALUES (0, 0, 0);
INSERT INTO PUBLIC.USER_ROLE (ID, USER_ID, ROLE_ID) VALUES (1, 1, 1);
INSERT INTO PUBLIC.USER_ROLE (ID, USER_ID, ROLE_ID) VALUES (2, 2, 2);


INSERT INTO PUBLIC.ROLE_PERMISSION (ID, ROLE_ID, PERMISSION_ID) VALUES (0, 0, 0);
INSERT INTO PUBLIC.ROLE_PERMISSION (ID, ROLE_ID, PERMISSION_ID) VALUES (1, 0, 1);
INSERT INTO PUBLIC.ROLE_PERMISSION (ID, ROLE_ID, PERMISSION_ID) VALUES (2, 0, 2);
INSERT INTO PUBLIC.ROLE_PERMISSION (ID, ROLE_ID, PERMISSION_ID) VALUES (3, 0, 3);
INSERT INTO PUBLIC.ROLE_PERMISSION (ID, ROLE_ID, PERMISSION_ID) VALUES (4, 0, 4);

INSERT INTO PUBLIC.ROLE_PERMISSION (ID, ROLE_ID, PERMISSION_ID) VALUES (5, 1, 0);
INSERT INTO PUBLIC.ROLE_PERMISSION (ID, ROLE_ID, PERMISSION_ID) VALUES (6, 1, 4);

INSERT INTO PUBLIC.ROLE_PERMISSION (ID, ROLE_ID, PERMISSION_ID) VALUES (7, 2, 1);
INSERT INTO PUBLIC.ROLE_PERMISSION (ID, ROLE_ID, PERMISSION_ID) VALUES (8, 2, 2);