INSERT INTO PUBLIC.USER (ID, USERNAME, PASSWORD, ENABLED) VALUES (0, 'admin', '$2a$10$wyNfWLvNG0oJiiTVK.Np7OAPWwCQxF2xObUej6qYE3RER38FAWShe', true); -- admin:admin
INSERT INTO PUBLIC.USER (ID, USERNAME, PASSWORD, ENABLED) VALUES (1, 'tom', '$2a$10$5el.rbvq9HKzofb/v5CTjOQ9avBLvGN5/fyNz5VjaXChMvpvywj3G', true);   -- tom:cat
INSERT INTO PUBLIC.USER (ID, USERNAME, PASSWORD, ENABLED) VALUES (2, 'lucy', '$2a$10$y33mQ/VO.cwkADXuGvdEAOd/jl061fAq9uNNTZh8tyQOzOpCLu562', true);  -- lucy:lucky

-- Role define MUST with 'ROLE_' prefix. To ensure `hasRole()` works
INSERT INTO PUBLIC.ROLE (ID, NAME) VALUES (0, 'ROLE_admin');
INSERT INTO PUBLIC.ROLE (ID, NAME) VALUES (1, 'ROLE_user');
INSERT INTO PUBLIC.ROLE (ID, NAME) VALUES (2, 'ROLE_reader');


-- Permission define without 'ROLE_' prefix, SHOULD use `hasAuthority()` to check permission.
INSERT INTO PUBLIC.PERMISSION (ID, NAME) VALUES (0, 'user:read');
INSERT INTO PUBLIC.PERMISSION (ID, NAME) VALUES (1, 'book:read');
INSERT INTO PUBLIC.PERMISSION (ID, NAME) VALUES (2, 'book:write');
INSERT INTO PUBLIC.PERMISSION (ID, NAME) VALUES (3, 'admin');
INSERT INTO PUBLIC.PERMISSION (ID, NAME) VALUES (4, 'user');


INSERT INTO PUBLIC.USER_ROLE (ID, USER_ID, ROLE_ID) VALUES (0, 0, 0);
INSERT INTO PUBLIC.USER_ROLE (ID, USER_ID, ROLE_ID) VALUES (1, 1, 1);
INSERT INTO PUBLIC.USER_ROLE (ID, USER_ID, ROLE_ID) VALUES (2, 2, 2);


INSERT INTO PUBLIC.ROLE_PERMISSION (ID, ROLE_ID, PERMISSION_ID) VALUES (0, 0, 0);
INSERT INTO PUBLIC.ROLE_PERMISSION (ID, ROLE_ID, PERMISSION_ID) VALUES (1, 0, 1);
INSERT INTO PUBLIC.ROLE_PERMISSION (ID, ROLE_ID, PERMISSION_ID) VALUES (2, 0, 2);
INSERT INTO PUBLIC.ROLE_PERMISSION (ID, ROLE_ID, PERMISSION_ID) VALUES (3, 0, 3);
INSERT INTO PUBLIC.ROLE_PERMISSION (ID, ROLE_ID, PERMISSION_ID) VALUES (4, 0, 4);

INSERT INTO PUBLIC.ROLE_PERMISSION (ID, ROLE_ID, PERMISSION_ID) VALUES (5, 1, 0);
INSERT INTO PUBLIC.ROLE_PERMISSION (ID, ROLE_ID, PERMISSION_ID) VALUES (6, 1, 4);

INSERT INTO PUBLIC.ROLE_PERMISSION (ID, ROLE_ID, PERMISSION_ID) VALUES (7, 2, 1);
INSERT INTO PUBLIC.ROLE_PERMISSION (ID, ROLE_ID, PERMISSION_ID) VALUES (8, 2, 2);